Hôm nay tôi bắt đầu ghi âm cho dự án tốt nghiệp của mình.	57
Bạn có thể nghe rõ giọng nói của tôi không?	43
Trời sáng nay khá mát mẻ và dễ chịu.	36
Tôi đang thử nghiệm hệ thống chuyển văn bản thành giọng nói.	60
Xin chào, rất vui được gặp bạn hôm nay.	39
Bạn đã ăn sáng chưa?	20
Nhiệt độ hôm nay là 28 độ c.	28
Hôm nay là ngày 15 tháng 3 năm 2026.	36
Tôi cần đọc câu này thật rõ ràng và chính xác.	46
Chúng ta hãy bắt đầu thử nghiệm ngay bây giờ.	45
Bạn nghĩ sao về chất lượng âm thanh này?	40
Tôi sẽ đọc một đoạn văn ngắn để kiểm tra.	41
Micro đã được kết nối thành công.	33
Tôi đang ngồi trong một căn phòng yên tĩnh.	43
Âm thanh cần được ghi lại một cách sạch sẽ.	43
Bạn có thể tăng âm lượng lên một chút không?	44
Tôi sẽ đọc chậm lại để đảm bảo độ rõ ràng.	42
Hệ thống này có thể xử lý tiếng việt khá tốt.	45
Tôi hy vọng kết quả sẽ khả quan.	32
Chúng ta sẽ tiếp tục với câu tiếp theo.	39
Bạn đang làm gì vào lúc này?	28
Xin vui lòng đọc lại câu vừa rồi.	33
Tôi cần kiểm tra lại dữ liệu trước khi huấn luyện.	50
Đây là một ví dụ về câu trần thuật.	35
Bạn có thể đặt câu hỏi cho hệ thống không?	42
Tôi sẽ thử đọc với giọng nhanh hơn một chút.	44
Câu này được dùng để kiểm tra độ dài.	37
Chúng ta cần nhiều dữ liệu hơn để huấn luyện.	45
Bạn đã sẵn sàng chưa?	21
Tôi đang thử nghiệm các kiểu ngữ điệu khác nhau.	48
Hôm nay trời có thể sẽ mưa vào buổi chiều.	42
Xin hãy giữ im lặng trong lúc ghi âm.	37
Tôi cần nghỉ một chút trước khi tiếp tục.	41
Đây là một câu cảm thán thật tuyệt vời!	39
Bạn có thấy âm thanh bị nhiễu không?	36
Tôi sẽ đọc lại câu này thêm một lần nữa.	40
Hãy đảm bảo rằng bạn phát âm đúng từng từ.	42
Chúng ta sẽ hoàn thành bài ghi âm hôm nay.	42
Tôi đang kiểm tra lại file ghi âm.	34
Bạn có thể gửi file cho tôi sau không?	38
Câu này chứa số 12345 để kiểm tra.	34
Hôm nay là thứ hai đầu tuần.	28
Tôi đang học cách cải thiện giọng đọc của mình.	47
Bạn đã từng làm việc với tts chưa?	34
Đây là một câu hỏi đơn giản.	28
Tôi cần luyện tập thêm mỗi ngày.	32
Chúng ta hãy tiếp tục với phần tiếp theo.	41
Bạn có thể nghe thấy tiếng ồn nền không?	40
Tôi sẽ thử đọc với giọng trầm hơn.	34
Hệ thống đang xử lý dữ liệu.	28
Bạn có thể đợi một chút được không?	35
Tôi đang điều chỉnh lại tốc độ đọc.	35
Câu này dùng để kiểm tra dấu câu.	33
Bạn có thể đọc lại câu này không?	33
Tôi sẽ đọc nhanh hơn trong câu tiếp theo.	41
Chúng ta cần đảm bảo chất lượng âm thanh tốt.	45
Bạn đã hoàn thành bài tập chưa?	31
Tôi đang chuẩn bị dữ liệu cho mô hình.	38
Hãy giữ khoảng cách ổn định với micro.	38
Câu này có dấu hỏi đúng không?	30
Bạn có thể nói to hơn một chút không?	37
Tôi sẽ đọc lại đoạn này thật chậm.	34
Chúng ta đang tiến gần đến mục tiêu.	36
Bạn có cảm thấy mệt không?	26
Tôi cần nghỉ ngơi một lát.	26
Hãy tiếp tục cố gắng nhé!	25
Câu này khá ngắn.	17
Đây là một câu dài hơn để kiểm tra hệ thống hoạt động như thế nào.	66
Bạn có thể phân biệt các âm tiết không?	39
Tôi đang thử nghiệm giọng đọc tự nhiên.	39
Chúng ta cần ghi âm thêm nhiều câu nữa.	39
Bạn đã sẵn sàng cho phần tiếp theo chưa?	40
Tôi sẽ đọc với giọng vui vẻ hơn.	32
Hệ thống này hoạt động khá ổn định.	35
Bạn có thể nghe rõ từng từ không?	33
Tôi đang cố gắng giữ nhịp đều khi đọc.	38
Câu này dùng để kiểm tra độ chính xác.	38
Bạn có thể lặp lại câu vừa rồi không?	37
Tôi sẽ đọc với tốc độ bình thường.	34
Chúng ta sẽ dừng lại sau vài phút nữa.	38
Bạn có thể ghi chú lại lỗi không?	33
Tôi đang xem lại kết quả thu âm.	32
Hãy đảm bảo rằng không có tiếng ồn.	35
Câu này giúp kiểm tra ngữ điệu.	31
Bạn có thể nói chậm lại không?	30
Tôi sẽ thử đọc với giọng cao hơn.	33
Chúng ta cần thêm dữ liệu đa dạng.	34
Bạn có thể giúp tôi kiểm tra không?	35
Tôi đang ghi âm trong phòng kín.	32
Câu này khá đơn giản để đọc.	28
Bạn có thể nghe thấy tiếng quạt không?	38
Tôi sẽ đọc lại từ đầu.	22
Chúng ta sắp hoàn thành rồi.	28
Bạn có cảm thấy hài lòng không?	31
Tôi đang thử nghiệm lần cuối.	29
Hãy kiểm tra lại toàn bộ dữ liệu.	33
Hôm qua tôi đã ghi âm hơn 200 câu.	34
Bạn có thể kiểm tra lại chất lượng file không?	46
Thời gian hiện tại là 9 giờ 30 phút sáng.	41
Tôi đang thử đọc một đoạn hội thoại ngắn.	41
Xin chào bạn, hôm nay bạn thế nào?	34
Tôi cảm thấy khá thoải mái khi đọc những câu đơn giản.	54
Bạn đã từng thử train mô hình tts chưa?	39
Đây là một ví dụ về câu chứa số 2026.	37
Hôm nay là ngày 28 tháng 3 năm 2026.	36
Tôi cần kiểm tra lại âm lượng của micro.	40
Bạn có thể giảm tiếng ồn xung quanh không?	42
Chúng ta sẽ thử một câu cảm thán nhé!	37
Thật tuyệt vời khi hệ thống hoạt động tốt!	42
Tôi đang đọc câu này với giọng bình thường.	43
Bạn có nhận ra sự khác biệt không?	34
Tôi sẽ thử đọc nhanh hơn một chút nữa.	38
Hệ thống đang xử lý dữ liệu rất nhanh.	38
Bạn có thể đọc lại đoạn này giúp tôi không?	43
Tôi đang luyện tập để phát âm rõ hơn.	37
Đây là một câu khá dài nhằm kiểm tra độ ổn định của hệ thống khi xử lý văn bản.	79
Bạn có thể nghe thấy sự thay đổi trong ngữ điệu không?	54
Tôi sẽ đọc lại câu này với giọng vui vẻ.	40
Chúng ta cần thêm dữ liệu có dấu hỏi và dấu chấm than!	54
Bạn đã chuẩn bị xong cho buổi ghi âm chưa?	42
Tôi đang cố gắng không mắc lỗi khi đọc.	39
Hãy kiểm tra lại từng file sau khi ghi âm.	42
Câu này dùng để kiểm tra khả năng phát âm số 123.	49
Bạn có thể nói lại câu vừa rồi không?	37
Tôi sẽ đọc chậm lại để đảm bảo rõ ràng hơn.	43
Chúng ta hãy thử một câu có nhiều dấu câu, bạn nhé!	51
Bạn có thể giúp tôi kiểm tra dữ liệu không?	43
Tôi đang đọc trong môi trường khá yên tĩnh.	43
Hãy đảm bảo rằng âm thanh không bị méo.	39
Câu này có thể giúp cải thiện mô hình.	38
Bạn có thể đọc to hơn một chút được không?	42
Tôi sẽ thử đọc với giọng trầm hơn một lần nữa.	46
Chúng ta cần nhiều câu hỏi hơn trong dataset.	45
Bạn đã kiểm tra lại tất cả các file chưa?	41
Tôi đang thử nghiệm với nhiều kiểu giọng khác nhau.	51
Câu này giúp kiểm tra tốc độ đọc.	33
Bạn có thể nói nhanh hơn một chút không?	40
Tôi sẽ đọc câu này thật chậm để kiểm tra.	41
Chúng ta sẽ tiếp tục với các câu tiếp theo.	43
Bạn có thể lặp lại câu này ba lần không?	40
Tôi đang kiểm tra độ chính xác của dữ liệu.	43
Hãy giữ giọng đọc ổn định trong suốt quá trình.	47
Câu này có chứa ngày 01 tháng 01 năm 2025.	42
Bạn có thể nghe rõ từng âm tiết không?	38
Tôi sẽ thử đọc với giọng cao hơn một chút.	42
Chúng ta cần thêm các câu mang tính hội thoại.	46
Bạn có thể trả lời câu hỏi này không?	37
Tôi đang thử nghiệm nhiều tốc độ đọc khác nhau.	47
Câu này dùng để kiểm tra dấu chấm.	34
Bạn có thể nói nhỏ hơn một chút không?	38
Tôi sẽ đọc lại đoạn văn này một lần nữa.	40
Chúng ta cần đảm bảo dữ liệu không bị lỗi.	42
Bạn có thể giúp tôi thu âm thêm không?	38
Tôi đang cố gắng phát âm rõ từng chữ.	37
Câu này khá dễ đọc và hiểu.	27
Bạn có thể nghe thấy tiếng nền không?	37
Tôi sẽ thử đọc lại từ đầu một lần nữa.	38
Chúng ta sắp hoàn thành phần này rồi.	37
Bạn có thể kiểm tra lại file cuối cùng không?	45
Tôi đang xem lại toàn bộ dữ liệu đã ghi.	40
Hãy đảm bảo rằng mọi thứ đều chính xác.	39
Câu này giúp kiểm tra độ dài câu.	33
Bạn có thể nói rõ hơn một chút không?	37
Tôi sẽ thử đọc với giọng tự nhiên hơn.	38
Chúng ta cần thêm các câu cảm thán.	35
Bạn có thể giúp tôi đọc thử câu này không?	42
Tôi đang kiểm tra lại hệ thống một lần nữa.	43
Câu này khá ngắn nhưng vẫn hữu ích.	35
Bạn có thể nghe rõ không?	25
Tôi sẽ đọc lại câu này thật nhanh.	34
Chúng ta đang tiến rất gần đến mục tiêu.	40
Bạn có thể nói lại lần nữa không?	33
Tôi đang thử nghiệm lần cuối cùng.	34
Hãy kiểm tra lại tất cả các bước.	33
Câu này có dấu chấm hỏi đúng không?	35
Bạn có thể đọc chậm lại một chút không?	39
Tôi sẽ thử đọc với nhiều cảm xúc hơn.	37
Chúng ta cần dữ liệu đa dạng hơn nữa.	37
Bạn có thể giúp tôi kiểm tra âm thanh không?	44
Tôi đang ghi âm trong một căn phòng nhỏ.	40
Câu này giúp kiểm tra phát âm.	30
Bạn có thể nghe thấy sự khác biệt không?	40
Tôi sẽ đọc lại đoạn này một cách rõ ràng.	41
Chúng ta sẽ hoàn thành sớm thôi.	32
Bạn có thể kiểm tra lại dữ liệu không?	38
Tôi đang xem xét lại toàn bộ quá trình.	39
Hãy đảm bảo rằng không có lỗi xảy ra.	37
Hôm nay tôi sẽ thử ghi âm trong 60 phút.	40
Bạn có thể theo dõi tiến độ của tôi không?	42
Bây giờ là 10 giờ 15 phút sáng.	31
Tôi đang đọc một đoạn văn mang tính kể chuyện.	46
Xin chào, bạn đang nghe bản ghi âm thử nghiệm.	46
Tôi cảm thấy tự tin hơn sau nhiều lần luyện tập.	48
Bạn có thể phân tích chất lượng âm thanh này không?	51
Đây là câu có chứa số 4567 để kiểm tra.	39
Hôm nay là ngày 30 tháng 4 năm 2026.	36
Tôi cần đảm bảo rằng không có tiếng ồn xung quanh.	50
Bạn có thể giữ yên lặng trong vài giây không?	45
Chúng ta sẽ thử một câu hỏi mang tính suy luận.	47
Bạn nghĩ hệ thống này có thể cải thiện không?	45
Tôi đang đọc câu này với giọng rõ ràng và đều đặn.	50
Bạn có nhận thấy âm thanh có bị méo không?	42
Tôi sẽ thử đọc với tốc độ nhanh hơn bình thường.	48
Hệ thống hiện đang xử lý dữ liệu theo thời gian thực.	53
Bạn có thể kiểm tra lại kết quả giúp tôi không?	47
Tôi đang luyện tập cách nhấn trọng âm đúng chỗ.	47
Đây là một câu dài nhằm kiểm tra khả năng xử lý của mô hình trong điều kiện phức tạp hơn.	89
Bạn có thể nghe thấy sự thay đổi về tốc độ không?	49
Tôi sẽ đọc lại câu này với giọng nhẹ nhàng hơn.	47
Chúng ta cần thêm các câu có dấu chấm than!	43
Bạn đã sẵn sàng để tiếp tục chưa?	33
Tôi đang cố gắng đọc thật tự nhiên.	35
Hãy kiểm tra lại từng chi tiết nhỏ trong dữ liệu.	49
Câu này chứa số 789 để kiểm tra phát âm.	40
Bạn có thể nói lại câu vừa rồi một lần nữa không?	49
Tôi sẽ đọc chậm lại để đảm bảo không sai sót.	45
Chúng ta hãy thử một câu có nhiều cảm xúc nhé!	46
Bạn có thể hỗ trợ tôi kiểm tra lỗi không?	41
Tôi đang đọc trong không gian kín và yên tĩnh.	46
Hãy đảm bảo rằng micro không bị nhiễu tín hiệu.	47
Câu này giúp kiểm tra khả năng nhận dạng giọng nói.	51
Bạn có thể đọc to và rõ hơn một chút không?	43
Tôi sẽ thử đọc với giọng cao hơn lần này.	41
Chúng ta cần nhiều câu mang tính hội thoại hơn.	47
Bạn đã kiểm tra file ghi âm hôm nay chưa?	41
Tôi đang thử nghiệm với các mức âm lượng khác nhau.	51
Câu này dùng để kiểm tra tốc độ phản hồi.	41
Bạn có thể nói nhanh hơn một chút nữa không?	44
Tôi sẽ đọc câu này thật chậm để kiểm tra độ chính xác.	54
Chúng ta sẽ tiếp tục với các câu phức tạp hơn.	46
Bạn có thể lặp lại câu này hai lần không?	41
Tôi đang kiểm tra độ ổn định của hệ thống.	42
Hãy giữ nhịp đọc đều trong suốt quá trình.	42
Câu này có chứa ngày 12 tháng 12 năm 2024.	42
Bạn có thể nghe rõ từng từ một không?	37
Tôi sẽ thử đọc với giọng cao và rõ.	35
Chúng ta cần thêm các câu có ngữ điệu đa dạng.	46
Bạn có thể trả lời câu hỏi đơn giản này không?	46
Tôi đang thử nghiệm nhiều cách phát âm khác nhau.	49
Câu này dùng để kiểm tra dấu phẩy, dấu chấm.	44
Bạn có thể nói nhỏ hơn để kiểm tra không?	41
Tôi sẽ đọc lại đoạn này một cách cẩn thận.	42
Chúng ta cần đảm bảo dữ liệu không bị thiếu.	44
Bạn có thể hỗ trợ ghi âm thêm không?	36
Tôi đang cố gắng giữ giọng ổn định hơn.	39
Câu này khá ngắn nhưng hữu ích.	31
Bạn có thể nghe thấy tiếng nền xung quanh không?	48
Tôi sẽ thử đọc lại từ đầu cho chính xác.	40
Chúng ta sắp hoàn thành giai đoạn này rồi.	42
Bạn có thể kiểm tra lại file vừa ghi không?	43
Tôi đang xem lại các lỗi phát âm trước đó.	42
Hãy đảm bảo rằng không có tiếng vọng.	37
Câu này giúp kiểm tra độ dài trung bình.	40
Bạn có thể nói rõ ràng hơn nữa không?	37
Tôi sẽ thử đọc với giọng tự nhiên nhất có thể.	46
Chúng ta cần thêm nhiều câu cảm thán hơn nữa!	45
Bạn có thể giúp tôi đọc thử đoạn này không?	43
Tôi đang kiểm tra hệ thống lần cuối trước khi lưu.	50
Câu này khá dễ đọc và rõ ràng.	30
Bạn có thể nghe rõ không hay bị nhiễu?	38
Tôi sẽ đọc lại câu này với tốc độ nhanh.	40
Chúng ta đang tiến rất gần đến bước hoàn thành.	47
Bạn có thể nói lại câu này lần nữa không?	41
Tôi đang thử nghiệm giọng đọc cuối cùng.	40
Hãy kiểm tra lại toàn bộ dữ liệu một lần nữa.	45
Câu này có dấu hỏi ở cuối câu phải không?	41
Bạn có thể đọc chậm lại để tôi nghe rõ hơn không?	49
Tôi sẽ thử đọc với nhiều cảm xúc hơn lần này.	45
Chúng ta cần dữ liệu phong phú hơn nữa.	39
Bạn có thể giúp tôi đánh giá âm thanh không?	44
Tôi đang ghi âm trong môi trường không có tiếng ồn.	51
Câu này giúp kiểm tra độ rõ của giọng nói.	42
Bạn có thể nghe thấy sự khác biệt rõ ràng không?	48
Tôi sẽ đọc lại đoạn này với nhịp đều hơn.	41
Chúng ta sẽ hoàn thành phần này trong ít phút nữa.	50
Bạn có thể kiểm tra lại kết quả cuối cùng không?	48
Tôi đang xem xét lại toàn bộ dữ liệu đã thu.	44
Hãy đảm bảo rằng mọi câu đều được đọc đúng.	43
Hôm nay tôi sẽ hoàn thành thêm 100 câu nữa.	43
Bạn có thể theo dõi tiến trình ghi âm không?	44
Hiện tại là 14 giờ 20 phút chiều.	33
Tôi đang đọc một đoạn văn mang tính mô tả.	42
Xin chào, đây là bản ghi âm tiếp theo.	38
Tôi cảm thấy giọng đọc của mình đã ổn định hơn.	47
Bạn có thể đánh giá chất lượng âm thanh không?	46
Đây là câu chứa số 9999 để kiểm tra.	36
Hôm nay là ngày 1 tháng 5 năm 2026.	35
Tôi cần đảm bảo âm thanh không bị vỡ.	37
Bạn có thể giữ yên lặng trong lúc tôi đọc không?	48
Chúng ta sẽ thử một câu mang tính cảm xúc.	42
Thật là một ngày tuyệt vời để ghi âm!	37
Tôi đang đọc câu này với nhịp điệu đều đặn.	43
Bạn có nhận thấy sự thay đổi về âm lượng không?	47
Tôi sẽ thử đọc nhanh hơn một chút.	34
Hệ thống đang xử lý dữ liệu rất mượt mà.	40
Bạn có thể kiểm tra lại đoạn vừa rồi không?	43
Tôi đang luyện cách ngắt nghỉ đúng chỗ.	39
Đây là một câu dài để kiểm tra khả năng xử lý văn bản trong điều kiện thực tế của mô hình.	90
Bạn có thể nghe thấy sự khác biệt về ngữ điệu không?	52
Tôi sẽ đọc lại câu này với giọng nhẹ nhàng hơn.	47
Chúng ta cần thêm nhiều câu có dấu chấm than!	45
Bạn đã sẵn sàng tiếp tục chưa?	30
Tôi đang cố gắng giữ tốc độ đọc ổn định.	40
Hãy kiểm tra lại từng chi tiết nhỏ nhất.	40
Câu này có số 321 để kiểm tra phát âm.	38
Bạn có thể lặp lại câu này giúp tôi không?	42
Tôi sẽ đọc chậm lại để tránh sai sót.	37
Chúng ta hãy thử một câu mang tính hội thoại nhé.	49
Bạn có thể giúp tôi kiểm tra lỗi không?	39
Tôi đang đọc trong phòng kín rất yên tĩnh.	42
Hãy đảm bảo micro không bị rè.	30
Câu này giúp kiểm tra phát âm rõ ràng.	38
Bạn có thể nói to hơn một chút không?	37
Tôi sẽ thử đọc với giọng trầm hơn.	34
Chúng ta cần thêm nhiều câu hỏi hơn nữa.	40
Bạn đã kiểm tra file hôm nay chưa?	34
Tôi đang thử nghiệm nhiều kiểu giọng khác nhau.	47
Câu này dùng để kiểm tra tốc độ đọc.	36
Bạn có thể nói nhanh hơn một chút không?	40
Tôi sẽ đọc câu này thật chậm để kiểm tra.	41
Chúng ta sẽ tiếp tục với các câu dài hơn.	41
Bạn có thể lặp lại câu này ba lần không?	40
Tôi đang kiểm tra độ ổn định của dữ liệu.	41
Hãy giữ nhịp đọc đều và rõ ràng.	32
Câu này có chứa ngày 20 tháng 10 năm 2025.	42
Bạn có thể nghe rõ từng âm tiết không?	38
Tôi sẽ thử đọc với giọng cao hơn.	33
Chúng ta cần thêm các câu đa dạng hơn.	38
Bạn có thể trả lời câu hỏi này không?	37
Tôi đang thử nghiệm nhiều cách đọc khác nhau.	45
Câu này dùng để kiểm tra dấu chấm phẩy.	39
Bạn có thể nói nhỏ hơn một chút không?	38
Tôi sẽ đọc lại đoạn này một lần nữa.	36
Chúng ta cần đảm bảo dữ liệu không bị thiếu.	44
Bạn có thể giúp tôi ghi âm thêm không?	38
Tôi đang cố gắng phát âm thật rõ từng chữ.	42
Câu này khá ngắn và dễ đọc.	27
Bạn có thể nghe thấy tiếng nền không?	37
Tôi sẽ đọc lại từ đầu một lần nữa.	34
Chúng ta sắp hoàn thành phần này rồi.	37
Bạn có thể kiểm tra lại file cuối không?	40
Tôi đang xem lại toàn bộ dữ liệu.	33
Hãy đảm bảo rằng không có lỗi nào.	34
Câu này giúp kiểm tra độ dài câu.	33
Bạn có thể nói rõ hơn một chút không?	37
Tôi sẽ thử đọc với giọng tự nhiên hơn.	38
Chúng ta cần thêm câu cảm thán.	31
Bạn có thể giúp tôi đọc thử câu này không?	42
Tôi đang kiểm tra lại hệ thống lần nữa.	39
Câu này khá đơn giản để đọc.	28
Bạn có thể nghe rõ không?	25
Tôi sẽ đọc lại câu này thật nhanh.	34
Chúng ta đang tiến gần đến mục tiêu.	36
Bạn có thể nói lại lần nữa không?	33
Tôi đang thử nghiệm lần cuối cùng.	34
Hãy kiểm tra lại tất cả các bước.	33
Câu này có dấu hỏi đúng không?	30
Bạn có thể đọc chậm lại một chút không?	39
Tôi sẽ thử đọc với nhiều cảm xúc hơn.	37
Chúng ta cần dữ liệu đa dạng hơn nữa.	37
Bạn có thể giúp tôi kiểm tra âm thanh không?	44
Tôi đang ghi âm trong phòng không có tiếng ồn.	46
Câu này giúp kiểm tra độ rõ của giọng.	38
Bạn có thể nghe thấy sự khác biệt không?	40
Tôi sẽ đọc lại đoạn này với nhịp đều.	37
Chúng ta sẽ hoàn thành phần này sớm thôi.	41
Bạn có thể kiểm tra lại kết quả không?	38
Tôi đang xem xét lại toàn bộ dữ liệu.	37
Hãy đảm bảo rằng mọi câu đều chính xác.	39
Hôm nay tôi dành trọn buổi chiều để hoàn thành việc ghi âm cho bộ dữ liệu phục vụ huấn luyện mô hình chuyển văn bản thành giọng nói.	132
Bạn có thể nghe rõ toàn bộ nội dung của câu nói dài này mà tôi đang cố gắng phát âm một cách rõ ràng và tự nhiên không?	119
Vào lúc 15 giờ 45 phút chiều nay, tôi đã hoàn thành hơn một nửa số lượng câu cần thiết cho bài khóa luận tốt nghiệp của mình.	125
Tôi đang cố gắng giữ nhịp đọc ổn định, không quá nhanh cũng không quá chậm, ताकि hệ thống có thể học được giọng nói một cách chính xác nhất.	140
Trong quá trình ghi âm, tôi nhận ra rằng việc giữ khoảng cách ổn định với micro là cực kỳ quan trọng để đảm bảo chất lượng âm thanh.	132
Bạn có thể tưởng tượng rằng nếu dữ liệu không đủ đa dạng thì mô hình tts sẽ không thể tạo ra giọng nói tự nhiên và linh hoạt được.	130
Đây là một câu khá dài nhằm kiểm tra khả năng xử lý của hệ thống khi phải đối mặt với những đoạn văn có cấu trúc phức tạp và nhiều dấu câu khác nhau.	149
Tôi đang đọc câu này với sự tập trung cao độ để đảm bảo rằng từng âm tiết đều được phát âm một cách chính xác và rõ ràng nhất có thể.	133
Bạn có thể cho tôi biết liệu bạn có nghe thấy bất kỳ tiếng nhiễu nào trong đoạn ghi âm vừa rồi hay không?	105
Việc chuẩn bị dữ liệu cho mô hình học sâu không chỉ đơn giản là thu âm mà còn bao gồm cả việc xử lý và kiểm tra chất lượng của từng file.	137
Hôm nay là ngày 2 tháng 5 năm 2026, và tôi đang cố gắng hoàn thành phần thu âm cuối cùng trước khi chuyển sang giai đoạn huấn luyện mô hình.	140
Trong một môi trường yên tĩnh, việc ghi âm trở nên dễ dàng hơn rất nhiều và giúp giảm thiểu các lỗi không mong muốn trong dữ liệu.	130
Bạn có thể nhận thấy rằng câu này dài hơn bình thường và được thiết kế để giúp mô hình học được cách xử lý những câu phức tạp hơn.	130
Tôi đang thử nghiệm nhiều kiểu ngữ điệu khác nhau, từ giọng đọc trung tính cho đến giọng cảm xúc, nhằm tăng tính đa dạng cho dataset.	133
Nếu bạn nghe kỹ, bạn sẽ nhận ra rằng tôi đang cố gắng giữ cho âm lượng và tốc độ đọc luôn ổn định trong suốt quá trình ghi âm.	126
Đây là một ví dụ về câu chứa cả số 2026, thời gian 16 giờ 30 phút, và nhiều thành phần khác nhau để kiểm tra khả năng xử lý của hệ thống.	137
Tôi hy vọng rằng sau khi hoàn thành bộ dữ liệu này, mô hình của tôi sẽ có thể tạo ra giọng nói tự nhiên và gần giống với giọng thật nhất.	137
Bạn có thể thử tưởng tượng một hệ thống có thể đọc bất kỳ văn bản nào với giọng nói giống hệt con người, đó chính là mục tiêu của tôi.	134
Trong quá trình luyện tập, tôi đã phải đọc đi đọc lại nhiều lần để đảm bảo rằng không có lỗi phát âm nào xuất hiện trong dữ liệu.	129
Việc giữ sự tập trung trong suốt quá trình ghi âm kéo dài hàng giờ đồng hồ là một thử thách không nhỏ đối với bất kỳ ai.	120
Tôi đang cố gắng điều chỉnh giọng đọc của mình sao cho phù hợp với yêu cầu của mô hình học máy mà tôi đang sử dụng.	115
Bạn có thể kiểm tra lại toàn bộ file ghi âm sau khi hoàn thành để đảm bảo rằng không có lỗi nào bị bỏ sót hay không?	116
Trong trường hợp phát hiện lỗi, tôi sẽ phải ghi âm lại câu đó để đảm bảo chất lượng dữ liệu đầu vào cho mô hình.	112
Đây là một câu dài khác nhằm kiểm tra xem hệ thống có thể xử lý tốt các câu có nhiều mệnh đề và dấu câu phức tạp hay không.	123
Tôi đang đọc câu này với một chút cảm xúc để xem liệu mô hình có thể học được sự thay đổi trong ngữ điệu hay không.	115
Bạn có thể nghe thấy sự khác biệt giữa giọng đọc đều và giọng đọc có nhấn nhá trong câu này không?	98
Việc thêm các câu hỏi, câu cảm thán và câu trần thuật vào dataset sẽ giúp mô hình trở nên linh hoạt hơn trong việc tạo giọng nói.	129
Hôm nay tôi đã hoàn thành khoảng 500 câu, và tôi cảm thấy khá hài lòng với tiến độ hiện tại của mình.	101
Bạn có thể giúp tôi đánh giá chất lượng âm thanh của đoạn ghi âm dài này không?	79
Tôi đang thử đọc câu này với tốc độ nhanh hơn một chút để kiểm tra khả năng thích nghi của mô hình.	99
Chúng ta cần đảm bảo rằng mỗi câu đều được phát âm rõ ràng, không bị nuốt âm và không có tiếng ồn nền.	102
Đây là một câu mô tả dài nhằm kiểm tra khả năng xử lý ngữ cảnh của hệ thống trong những đoạn văn phức tạp.	106
Tôi đang cố gắng giữ cho giọng đọc của mình không bị thay đổi quá nhiều trong suốt quá trình ghi âm kéo dài.	108
Bạn có thể nghe thấy sự khác biệt nhỏ trong cách phát âm giữa các câu hay không?	80
Việc luyện tập mỗi ngày giúp tôi cải thiện đáng kể khả năng phát âm và kiểm soát giọng nói của mình.	100
Đây là một câu chứa nhiều dấu phẩy, nhằm kiểm tra cách hệ thống xử lý ngắt nghỉ trong khi đọc.	94
Tôi đang đọc câu này một cách chậm rãi để đảm bảo rằng từng từ đều được phát âm rõ ràng và chính xác.	101
Bạn có thể tưởng tượng rằng việc thu âm hàng nghìn câu như thế này sẽ mất rất nhiều thời gian và công sức.	106
Hệ thống của tôi đang dần học được cách chuyển đổi văn bản thành giọng nói một cách tự nhiên hơn sau mỗi lần huấn luyện.	120
Tôi đang kiểm tra lại toàn bộ dữ liệu trước khi bắt đầu bước tiếp theo trong quá trình phát triển mô hình.	106
Bạn có thể nghe rõ sự khác biệt giữa câu ngắn và câu dài trong cách phát âm không?	82
Đây là một câu cảm thán dài nhằm kiểm tra biểu cảm trong giọng nói, thật là thú vị khi làm việc này!	100
Tôi sẽ tiếp tục ghi âm thêm nhiều câu nữa để đảm bảo rằng dataset của mình đủ lớn và đa dạng.	93
Bạn có thể giúp tôi kiểm tra xem có câu nào bị lỗi phát âm hay không?	69
Tối hôm qua, tôi ngồi trong phòng thu nhỏ của mình và dành gần hai tiếng để ghi âm liên tục nhằm hoàn thiện bộ dữ liệu phục vụ cho mô hình tts.	143
Bạn có thể cho tôi biết cảm nhận của bạn khi nghe những câu có độ dài lớn như thế này không, liệu chúng có tự nhiên hơn không?	126
Vào khoảng 20 giờ 15 phút, tôi bắt đầu nhận ra rằng việc giữ giọng ổn định trong thời gian dài là một thử thách không hề đơn giản.	130
Tôi đang cố gắng điều chỉnh hơi thở của mình sao cho phù hợp với từng câu dài, ताकि không bị hụt hơi khi đọc.	109
Trong quá trình thu âm, đôi khi tôi phải dừng lại và ghi âm lại vì một số lỗi nhỏ như phát âm chưa chuẩn hoặc có tiếng ồn bất ngờ.	130
Bạn có thể tưởng tượng việc đọc hàng trăm câu mỗi ngày sẽ giúp cải thiện khả năng phát âm và kiểm soát giọng nói như thế nào không?	131
Đây là một đoạn mô tả dài nhằm kiểm tra xem mô hình có thể học được cách xử lý các câu phức tạp và nhiều tầng ý nghĩa hay không.	128
Tôi đang đọc câu này với nhịp điệu chậm rãi hơn bình thường để đảm bảo rằng hệ thống có thể ghi nhận đầy đủ các đặc điểm của giọng nói.	135
Bạn có thể nghe thấy sự thay đổi nhỏ trong cách tôi nhấn trọng âm ở những từ quan trọng trong câu này không?	108
Việc thêm các câu hội thoại thực tế vào dataset sẽ giúp mô hình trở nên linh hoạt hơn khi áp dụng vào các ứng dụng thực tiễn.	125
Hôm nay là ngày 3 tháng 5 năm 2026, và tôi đang ở giai đoạn cuối của việc thu thập dữ liệu cho bài khóa luận của mình.	118
Trong một không gian yên tĩnh, tôi có thể tập trung hoàn toàn vào việc phát âm từng câu một cách chính xác nhất có thể.	119
Bạn có thể nhận ra rằng câu này được thiết kế để kiểm tra khả năng xử lý các cấu trúc câu phức tạp của hệ thống hay không?	122
Tôi đang thử nghiệm nhiều phong cách đọc khác nhau, từ giọng kể chuyện cho đến giọng hội thoại tự nhiên, nhằm tăng tính đa dạng.	128
Nếu bạn nghe kỹ, bạn sẽ thấy rằng tôi đang cố gắng duy trì một tốc độ đọc ổn định để mô hình có thể học một cách hiệu quả hơn.	126
Đây là một câu chứa nhiều thông tin, bao gồm cả số 5678 và thời gian 21 giờ 30 phút, nhằm kiểm tra khả năng xử lý của hệ thống.	127
Tôi hy vọng rằng với bộ dữ liệu này, mô hình của tôi sẽ có thể tạo ra giọng nói gần giống với giọng thật của con người nhất có thể.	131
Bạn có thể tưởng tượng một trợ lý ảo có thể nói chuyện với bạn một cách tự nhiên như người thật không, đó là mục tiêu của tôi.	126
Trong quá trình luyện tập, tôi nhận ra rằng việc kiểm soát hơi thở đóng vai trò rất quan trọng khi đọc các câu dài.	115
Việc duy trì sự tập trung trong suốt quá trình ghi âm kéo dài nhiều giờ đồng hồ thực sự là một thử thách đáng kể.	113
Tôi đang cố gắng điều chỉnh âm lượng giọng nói sao cho không quá lớn cũng không quá nhỏ trong từng câu đọc.	107
Bạn có thể kiểm tra lại xem có đoạn nào bị méo tiếng hoặc nhiễu không để tôi có thể chỉnh sửa kịp thời.	103
Trong trường hợp phát hiện lỗi, tôi sẽ ghi âm lại toàn bộ câu đó để đảm bảo dữ liệu đầu vào luôn đạt chất lượng cao nhất.	121
Đây là một câu dài nhằm kiểm tra khả năng xử lý ngữ cảnh khi câu chứa nhiều mệnh đề liên tiếp nhau.	99
Tôi đang đọc câu này với một chút cảm xúc để kiểm tra khả năng học ngữ điệu của mô hình trong các tình huống khác nhau.	119
Bạn có thể nhận thấy sự khác biệt giữa giọng đọc đều và giọng đọc có cảm xúc trong đoạn này không?	98
Việc bổ sung các câu hỏi và câu cảm thán sẽ giúp mô hình hiểu rõ hơn về cách biểu đạt cảm xúc trong giọng nói.	110
Hôm nay tôi đã hoàn thành thêm 100 câu, và tổng số câu hiện tại đã vượt qua con số 600 trong dataset của mình.	110
Bạn có thể giúp tôi đánh giá xem đoạn ghi âm này đã đủ rõ ràng và tự nhiên hay chưa không?	90
Tôi đang thử đọc câu này với tốc độ nhanh hơn để kiểm tra khả năng xử lý của hệ thống trong điều kiện khác nhau.	112
Chúng ta cần đảm bảo rằng tất cả các câu đều được phát âm rõ ràng và không có lỗi nào xuất hiện trong dữ liệu.	110
Đây là một câu mô tả dài nhằm kiểm tra khả năng xử lý các đoạn văn có nhiều thông tin của hệ thống.	99
Tôi đang cố gắng giữ cho giọng đọc không bị thay đổi quá nhiều trong suốt quá trình ghi âm kéo dài.	99
Bạn có thể nghe thấy sự khác biệt nhỏ trong cách phát âm giữa các câu khác nhau hay không?	90
Việc luyện tập thường xuyên giúp tôi cải thiện đáng kể khả năng phát âm và kiểm soát giọng nói của mình.	104
Đây là một câu chứa nhiều dấu phẩy, nhằm kiểm tra khả năng ngắt nghỉ của hệ thống khi xử lý văn bản.	100
Tôi đang đọc câu này một cách chậm rãi để đảm bảo từng từ đều được phát âm rõ ràng và chính xác.	96
Bạn có thể tưởng tượng rằng việc thu âm hàng nghìn câu sẽ giúp mô hình học được rất nhiều đặc điểm khác nhau của giọng nói.	123
Hệ thống của tôi đang dần cải thiện khả năng chuyển văn bản thành giọng nói sau mỗi lần huấn luyện.	99
Tôi đang kiểm tra lại toàn bộ dữ liệu trước khi tiến hành bước huấn luyện tiếp theo của mô hình.	96
Bạn có thể nghe rõ sự khác biệt giữa câu ngắn và câu dài trong cách thể hiện ngữ điệu không?	92
Đây là một câu cảm thán dài nhằm kiểm tra biểu cảm trong giọng nói, thật sự rất thú vị khi làm việc này!	104
Tôi sẽ tiếp tục ghi âm thêm nhiều câu nữa để đảm bảo rằng dataset của mình đủ lớn và đa dạng.	93
Bạn có thể giúp tôi kiểm tra xem có câu nào bị lỗi hay không để tôi chỉnh sửa kịp thời? 101	91
Xin chào, bạn có thể cho tôi hỏi bây giờ là mấy giờ rồi không?	62
Hiện tại là 8 giờ 20 phút sáng, bạn cần tôi giúp gì thêm không?	63
Cảm ơn bạn, tôi đang chuẩn bị đi làm nên cần kiểm tra thời gian một chút.	73
Bạn có muốn nghe dự báo thời tiết hôm nay không, tôi có thể đọc cho bạn ngay bây giờ.	85
Hôm nay trời nắng nhẹ, nhiệt độ dao động từ 26 đến 32 độ c, rất thích hợp để ra ngoài.	86
Nghe có vẻ khá dễ chịu, vậy tôi sẽ không cần mang theo áo mưa hôm nay.	70
Đúng vậy, nhưng bạn vẫn nên chuẩn bị một chiếc áo khoác mỏng để phòng khi trời trở lạnh vào buổi tối.	101
Cảm ơn bạn đã nhắc nhở, tôi sẽ lưu ý điều đó trước khi ra khỏi nhà.	67
Bạn có cần tôi đặt xe giúp bạn không, tôi có thể gọi xe chỉ trong vài giây.	75
Không cần đâu, hôm nay tôi muốn tự lái xe để thư giãn một chút sau nhiều ngày làm việc căng thẳng.	98
Vậy bạn hãy chú ý an toàn giao thông và chúc bạn có một ngày làm việc hiệu quả.	79
Cảm ơn bạn rất nhiều, tôi sẽ cố gắng hoàn thành tốt công việc của mình hôm nay.	79
Xin chào, bạn có thể cho tôi hỏi đường đến siêu thị gần nhất không?	67
Bạn đi thẳng khoảng 500 mét, sau đó rẽ trái, siêu thị sẽ nằm ở bên phải đường.	78
Cảm ơn bạn, tôi sẽ đi theo hướng bạn vừa chỉ.	45
Không có gì, chúc bạn mua sắm vui vẻ.	37
Xin lỗi, cửa hàng này còn mở cửa không vậy?	43
Dạ, cửa hàng vẫn mở đến 10 giờ tối, bạn có thể vào mua sắm thoải mái.	69
Tốt quá, tôi cần mua một vài món đồ cần thiết cho gia đình.	59
Bạn có thể tìm thấy các sản phẩm ở quầy phía bên trong, nếu cần hỗ trợ hãy gọi nhân viên.	89
Cảm ơn bạn, tôi sẽ tự xem trước nhé.	36
Bạn có muốn thanh toán bằng tiền mặt hay chuyển khoản không?	60
Tôi sẽ thanh toán bằng chuyển khoản cho tiện.	45
Vâng, bạn vui lòng quét mã qr ở đây để hoàn tất thanh toán.	59
Đã xong rồi, cảm ơn bạn rất nhiều.	34
Cảm ơn bạn đã mua hàng, hẹn gặp lại lần sau.	44
Xin chào, bạn có thể giúp tôi kiểm tra lịch trình hôm nay không?	64
Hôm nay bạn có một cuộc họp vào lúc 9 giờ và một buổi thuyết trình vào 14 giờ.	78
Cảm ơn bạn, tôi cần chuẩn bị kỹ cho buổi thuyết trình này.	58
Bạn có muốn tôi nhắc nhở trước giờ họp không?	45
Có, bạn hãy nhắc tôi trước 15 phút nhé.	39
Được rồi, tôi sẽ gửi thông báo nhắc nhở đúng giờ.	49
Xin chào, bạn có thể mở nhạc nhẹ cho tôi không?	47
Được, tôi sẽ phát một bản nhạc nhẹ giúp bạn thư giãn.	53
Cảm ơn, tôi cần một không gian yên tĩnh để làm việc.	52
Nếu bạn cần thay đổi bài hát, hãy nói với tôi bất cứ lúc nào.	61
Xin lỗi, âm lượng hơi lớn, bạn có thể giảm xuống một chút không?	64
Được rồi, tôi đã giảm âm lượng xuống mức vừa phải.	50
Cảm ơn bạn, như vậy là ổn rồi.	30
Xin chào, bạn có thể giúp tôi đặt lịch hẹn với bác sĩ không?	60
Bạn muốn đặt lịch vào ngày nào và thời gian cụ thể là khi nào?	62
Tôi muốn đặt lịch vào sáng mai lúc 9 giờ.	41
Được rồi, tôi đã đặt lịch thành công cho bạn.	45
Cảm ơn bạn rất nhiều, điều này thật tiện lợi.	45
Xin chào, bạn có thể cho tôi biết hôm nay có tin tức gì nổi bật không?	70
Hôm nay có nhiều tin tức về công nghệ và kinh tế, bạn muốn nghe lĩnh vực nào trước?	83
Tôi muốn nghe tin về công nghệ trước.	37
Được rồi, hôm nay có một số tiến bộ mới trong lĩnh vực trí tuệ nhân tạo.	72
Nghe có vẻ thú vị, bạn có thể nói rõ hơn không?	47
Các nhà nghiên cứu đã phát triển một mô hình có khả năng tạo giọng nói tự nhiên hơn bao giờ hết.	96
Thật tuyệt vời, công nghệ đang phát triển rất nhanh.	52
Đúng vậy, và điều này sẽ mở ra nhiều ứng dụng trong tương lai.	62
Xin chào, bạn có thể giúp tôi kiểm tra email không?	51
Bạn có một email mới từ giảng viên hướng dẫn.	45
Nội dung email đó là gì vậy?	28
Giảng viên yêu cầu bạn nộp bản báo cáo trước ngày 10 tháng 5.	61
Cảm ơn bạn, tôi sẽ kiểm tra và phản hồi sớm.	44
Xin chào, bạn có thể bật đèn phòng khách giúp tôi không?	56
Đèn phòng khách đã được bật.	28
Cảm ơn bạn, giờ tôi có thể đọc sách dễ dàng hơn rồi.	52
Bạn có muốn tôi điều chỉnh độ sáng không?	41
Không cần, như vậy là đủ rồi.	29
Xin chào, bạn có thể giúp tôi tìm một quán cà phê gần đây không?	64
Có một quán cà phê cách bạn khoảng 300 mét, bạn có muốn chỉ đường không?	72
Có, bạn hãy chỉ đường giúp tôi nhé.	35
Bạn đi thẳng và rẽ phải ở ngã tư đầu tiên, quán sẽ ở bên trái.	62
Cảm ơn bạn, tôi sẽ đi ngay bây giờ.	35
Chúc bạn có một buổi cà phê thật thư giãn.	42
Xin chào, bạn có thể giúp tôi kiểm tra pin điện thoại không?	60
Pin hiện tại còn 25 phần trăm, bạn nên sạc sớm.	47
Cảm ơn bạn, tôi sẽ tìm chỗ sạc ngay.	36
Hồi nhỏ, tôi thường ngồi nghe bà kể những câu chuyện cổ tích vào mỗi buổi tối trước khi đi ngủ.	95
Giọng kể của bà rất ấm áp và chậm rãi, khiến tôi luôn cảm thấy dễ chịu và nhanh chóng chìm vào giấc ngủ.	104
Một trong những câu chuyện mà tôi nhớ nhất là câu chuyện về một chàng trai dũng cảm đi tìm kho báu bị thất lạc.	111
Trên hành trình đó, anh đã phải vượt qua rất nhiều thử thách khó khăn và đối mặt với những nguy hiểm không ngờ tới.	115
Cuối cùng, nhờ sự kiên trì và lòng dũng cảm, anh đã tìm thấy kho báu và trở về trong niềm vui của mọi người.	108
Những câu chuyện như vậy đã theo tôi suốt những năm tháng tuổi thơ và ảnh hưởng rất nhiều đến cách tôi nhìn nhận cuộc sống.	123
Đôi khi, tôi ước mình có thể quay lại những ngày tháng đó để một lần nữa được nghe giọng kể quen thuộc của bà.	110
Hôm nay, khi ngồi một mình trong phòng, tôi chợt nhớ lại những kỷ niệm cũ và cảm thấy lòng mình trở nên yên bình hơn.	117
Bên ngoài trời đang mưa nhẹ, từng giọt mưa rơi tí tách trên mái nhà tạo nên một âm thanh rất dễ chịu.	101
Tôi pha một tách trà nóng, ngồi bên cửa sổ và lặng lẽ quan sát khung cảnh yên tĩnh xung quanh.	94
Trong khoảnh khắc đó, tôi nhận ra rằng đôi khi hạnh phúc đến từ những điều rất đơn giản trong cuộc sống.	104
Bạn đã bao giờ cảm thấy như vậy chưa, khi chỉ cần một chút yên tĩnh cũng đủ để làm dịu đi mọi căng thẳng?	105
Một buổi sáng nọ, tôi thức dậy sớm hơn bình thường và quyết định đi dạo quanh khu phố nơi mình đang sống.	105
Không khí trong lành và mát mẻ khiến tôi cảm thấy tràn đầy năng lượng cho một ngày mới.	87
Tôi gặp một người hàng xóm đang tưới cây và chúng tôi đã trò chuyện với nhau một lúc về cuộc sống thường ngày.	110
Những cuộc trò chuyện đơn giản như vậy đôi khi lại mang đến cảm giác gần gũi và ấm áp hơn nhiều so với những điều lớn lao.	122
Khi quay trở về nhà, tôi bắt đầu công việc ghi âm với một tâm trạng thoải mái và tích cực hơn.	94
Điều này giúp tôi đọc các câu một cách tự nhiên và có cảm xúc hơn so với trước đó.	82
Bạn có thể nhận ra sự khác biệt trong giọng đọc khi người nói có cảm xúc và khi họ chỉ đọc một cách máy móc không?	114
Đó chính là lý do vì sao việc thêm các đoạn văn kể chuyện vào dataset là vô cùng quan trọng.	92
Một buổi chiều khác, tôi ngồi trong quán cà phê quen thuộc và bắt đầu suy nghĩ về tương lai của mình.	101
Âm nhạc nhẹ nhàng vang lên trong không gian khiến tôi cảm thấy thư giãn và tập trung hơn.	89
Tôi mở máy tính và xem lại những gì mình đã làm được trong dự án tts suốt thời gian qua.	88
Có những lúc tôi cảm thấy nản lòng vì tiến độ chậm, nhưng rồi lại tự nhắc mình phải cố gắng hơn.	96
Bạn có từng trải qua cảm giác đó chưa, khi bạn muốn bỏ cuộc nhưng lại không thể?	80
Chính những lúc như vậy là lúc chúng ta cần kiên trì nhất để vượt qua thử thách.	80
Sau một khoảng thời gian dài luyện tập, tôi nhận ra rằng giọng đọc của mình đã cải thiện đáng kể.	97
Điều này khiến tôi cảm thấy tự tin hơn khi tiếp tục phát triển mô hình của mình.	80
Tôi bắt đầu thử nghiệm với những câu dài hơn và phức tạp hơn để kiểm tra khả năng của hệ thống.	95
Mỗi lần nghe lại file ghi âm, tôi đều phát hiện ra những điểm cần cải thiện và cố gắng sửa chúng.	97
Đó là một quá trình lặp đi lặp lại nhưng rất cần thiết để đạt được kết quả tốt nhất.	84
Một ngày nọ, tôi nhận được phản hồi tích cực từ giảng viên hướng dẫn và điều đó khiến tôi rất vui.	98
Họ nói rằng giọng đọc của tôi đã trở nên tự nhiên hơn rất nhiều so với những ngày đầu tiên.	91
Nghe được điều đó, tôi cảm thấy mọi nỗ lực của mình đã được đền đáp xứng đáng.	78
Bạn có thể tưởng tượng cảm giác khi công sức của mình được công nhận không?	75
Đó là một động lực rất lớn để tôi tiếp tục cố gắng và hoàn thiện dự án của mình.	80
Trong những ngày tiếp theo, tôi tiếp tục ghi âm với tinh thần hứng khởi và quyết tâm cao hơn.	93
Tôi bắt đầu chú ý nhiều hơn đến cách ngắt nghỉ và nhấn nhá trong từng câu nói.	78
Điều này giúp giọng đọc của tôi trở nên sinh động và gần gũi hơn với người nghe.	80
Bạn có thể nhận ra sự khác biệt đó khi so sánh giữa các đoạn ghi âm cũ và mới không?	84
Một buổi tối, tôi ngồi nghe lại toàn bộ dữ liệu mà mình đã thu thập và cảm thấy khá hài lòng.	93
Mặc dù vẫn còn một số lỗi nhỏ, nhưng nhìn chung chất lượng đã được cải thiện đáng kể.	85
Tôi quyết định sẽ hoàn thiện nốt những phần còn lại trước khi bắt đầu huấn luyện mô hình.	89
Đây là giai đoạn quan trọng nhất vì nó sẽ quyết định chất lượng đầu ra của hệ thống.	84
Bạn có thể tưởng tượng một giọng nói nhân tạo nhưng lại tự nhiên như con người không?	85
Đó chính là mục tiêu mà tôi đang hướng tới trong dự án này.	59
Mỗi ngày trôi qua, tôi lại học thêm được nhiều điều mới về xử lý âm thanh và trí tuệ nhân tạo.	94
Điều này khiến tôi cảm thấy hứng thú hơn với lĩnh vực mà mình đang theo đuổi.	77
Bạn có bao giờ cảm thấy đam mê với một điều gì đó đến mức không muốn dừng lại không?	84
Đó là cảm giác mà tôi đang trải qua trong quá trình làm dự án này.	66
Một buổi sáng khác, tôi thức dậy và nhận ra rằng mình đã tiến rất xa so với điểm xuất phát ban đầu.	99
Nhìn lại chặng đường đã qua, tôi cảm thấy tự hào vì đã không bỏ cuộc giữa chừng.	80
Bạn cũng có thể làm được điều đó nếu bạn kiên trì và tin vào bản thân mình.	75
Cuối cùng, tôi tin rằng mọi nỗ lực rồi sẽ mang lại kết quả xứng đáng trong tương lai.	85
Theo thông tin mới nhất, thị trường công nghệ đang có những bước phát triển mạnh mẽ trong năm 2026.	99
Nhiều công ty đã đầu tư đáng kể vào lĩnh vực trí tuệ nhân tạo nhằm nâng cao hiệu suất và chất lượng sản phẩm.	109
Các chuyên gia nhận định rằng công nghệ chuyển văn bản thành giọng nói sẽ tiếp tục phát triển trong thời gian tới.	114
Đặc biệt, các mô hình học sâu ngày càng có khả năng tạo ra giọng nói tự nhiên và linh hoạt hơn trước.	101
Trong lĩnh vực giáo dục, việc ứng dụng tts giúp hỗ trợ học sinh tiếp cận nội dung một cách dễ dàng hơn.	103
Bên cạnh đó, các hệ thống trợ lý ảo cũng đang được cải thiện đáng kể nhờ vào công nghệ xử lý ngôn ngữ tự nhiên.	111
Theo báo cáo gần đây, số lượng người sử dụng các ứng dụng ai đã tăng trưởng đáng kể trong vòng hai năm qua.	107
Điều này cho thấy sự quan tâm ngày càng lớn của xã hội đối với các giải pháp công nghệ thông minh.	98
Trong một nghiên cứu mới, các nhà khoa học đã phát triển một mô hình có thể tái tạo giọng nói với độ chính xác cao.	115
Kết quả này mở ra nhiều cơ hội ứng dụng trong các lĩnh vực như y tế, giáo dục và giải trí.	90
Tại việt nam, nhiều trường đại học đã bắt đầu đưa các môn học liên quan đến trí tuệ nhân tạo vào chương trình đào tạo.	118
Điều này giúp sinh viên có cơ hội tiếp cận sớm với các công nghệ tiên tiến và nâng cao kỹ năng chuyên môn.	106
Theo thống kê, số lượng dự án nghiên cứu về tts đã tăng đáng kể trong những năm gần đây.	88
Các chuyên gia cho rằng việc xây dựng dataset chất lượng cao là yếu tố then chốt quyết định hiệu quả của mô hình.	113
Trong bối cảnh chuyển đổi số, việc ứng dụng công nghệ ai đang trở thành xu hướng tất yếu của nhiều doanh nghiệp.	112
Nhiều công ty khởi nghiệp đã tận dụng cơ hội này để phát triển các sản phẩm sáng tạo dựa trên nền tảng trí tuệ nhân tạo.	120
Theo dự báo, thị trường ai toàn cầu sẽ tiếp tục tăng trưởng mạnh trong thập kỷ tới.	83
Điều này tạo ra nhiều cơ hội việc làm cho những người có chuyên môn trong lĩnh vực công nghệ thông tin.	103
Trong lĩnh vực truyền thông, tts được sử dụng để tạo nội dung âm thanh một cách nhanh chóng và hiệu quả.	104
Các nền tảng mạng xã hội cũng đang tích hợp nhiều tính năng ai nhằm nâng cao trải nghiệm người dùng.	100
Theo một báo cáo gần đây, người dùng ngày càng ưu tiên các sản phẩm có tích hợp trí tuệ nhân tạo.	97
Điều này thúc đẩy các nhà phát triển không ngừng cải tiến và đổi mới công nghệ.	79
Trong ngành y tế, công nghệ tts có thể hỗ trợ bệnh nhân khiếm thị tiếp cận thông tin dễ dàng hơn.	97
Đây là một bước tiến quan trọng trong việc nâng cao chất lượng cuộc sống cho cộng đồng.	87
Theo các chuyên gia, việc kết hợp giữa dữ liệu lớn và ai sẽ tạo ra những đột phá trong tương lai.	97
Nhiều nghiên cứu đã chỉ ra rằng dữ liệu càng đa dạng thì mô hình càng hoạt động hiệu quả.	89
Trong lĩnh vực giải trí, tts được sử dụng để lồng tiếng và tạo nội dung âm thanh tự động.	89
Điều này giúp tiết kiệm chi phí và thời gian sản xuất cho các nhà sáng tạo nội dung.	84
Theo một khảo sát, người dùng đánh giá cao những sản phẩm có giọng nói tự nhiên và dễ nghe.	91
Đây là động lực để các nhà nghiên cứu tiếp tục cải tiến chất lượng của các hệ thống tts.	88
Trong bối cảnh toàn cầu hóa, việc phát triển các hệ thống hỗ trợ đa ngôn ngữ đang trở nên cần thiết hơn bao giờ hết.	116
Công nghệ tts đóng vai trò quan trọng trong việc giúp người dùng tiếp cận thông tin bằng nhiều ngôn ngữ khác nhau.	114
Theo nhận định của các chuyên gia, tương lai của tts sẽ gắn liền với các hệ thống ai thông minh hơn.	100
Điều này mở ra nhiều cơ hội cho các ứng dụng trong đời sống hàng ngày.	70
Trong lĩnh vực giáo dục trực tuyến, tts giúp tạo ra các bài giảng sinh động và dễ tiếp cận hơn.	95
Nhiều nền tảng học trực tuyến đã tích hợp công nghệ này để hỗ trợ người học.	76
Theo thống kê, nhu cầu sử dụng nội dung âm thanh đang tăng lên đáng kể trong những năm gần đây.	95
Điều này thúc đẩy sự phát triển của các công nghệ liên quan đến xử lý âm thanh.	79
Trong lĩnh vực giao thông, các hệ thống dẫn đường sử dụng tts giúp người lái xe dễ dàng theo dõi chỉ dẫn.	105
Đây là một ứng dụng phổ biến và mang lại nhiều tiện ích cho người dùng.	71
Theo báo cáo, các công ty công nghệ đang cạnh tranh mạnh mẽ trong việc phát triển các giải pháp ai tiên tiến.	109
Điều này tạo ra một môi trường cạnh tranh lành mạnh và thúc đẩy sự đổi mới.	75
Trong tương lai, tts có thể được tích hợp sâu hơn vào các thiết bị thông minh trong gia đình.	93
Các chuyên gia tin rằng điều này sẽ giúp nâng cao chất lượng cuộc sống của con người.	85
Theo một nghiên cứu, người dùng có xu hướng tin tưởng hơn vào các hệ thống có giọng nói tự nhiên.	97
Điều này cho thấy tầm quan trọng của việc cải thiện chất lượng giọng nói trong các ứng dụng ai.	95
Trong lĩnh vực dịch vụ khách hàng, tts giúp tự động hóa nhiều quy trình và nâng cao hiệu quả làm việc.	102
Đây là một trong những ứng dụng phổ biến nhất của công nghệ này hiện nay.	73
Theo các nhà nghiên cứu, việc tối ưu hóa dữ liệu đầu vào sẽ giúp cải thiện đáng kể hiệu suất của mô hình.	105
Điều này đòi hỏi sự đầu tư về thời gian và nguồn lực trong quá trình phát triển.	80
Trong bối cảnh công nghệ phát triển nhanh chóng, việc cập nhật kiến thức là điều cần thiết đối với mọi người.	109
Các chuyên gia khuyến nghị nên học tập liên tục để không bị tụt hậu trong thời đại số.	86
Theo thống kê, các kỹ năng liên quan đến ai đang trở nên ngày càng quan trọng trên thị trường lao động.	103
Điều này mở ra nhiều cơ hội cho những ai sẵn sàng học hỏi và phát triển bản thân.	81
Xin vui lòng liên hệ với chúng tôi qua email support@example.com để được hỗ trợ chi tiết hơn.	93
Số điện thoại của bộ phận chăm sóc khách hàng là 0901234567, hoạt động từ 8 giờ đến 17 giờ mỗi ngày.	100
Bạn có thể truy cập trang web tại địa chỉ https://www.example.com để biết thêm thông tin.	89
Hôm nay tôi sẽ đọc một số câu có chứa ký tự đặc biệt như @, #, và % để kiểm tra hệ thống.	89
Nhiệt độ hiện tại là 30 độ c, độ ẩm khoảng 70 phần trăm, thời tiết khá oi bức.	78
Bạn có thể gửi phản hồi về địa chỉ email feedback@test.com bất cứ lúc nào bạn muốn.	83
Đây là một câu chứa số thập phân như 3.14159 để kiểm tra cách đọc của hệ thống.	79
Thời gian hiện tại là 22 giờ 45 phút, đã đến lúc bạn nên nghỉ ngơi sau một ngày dài làm việc.	93
Tôi đang kiểm tra xem hệ thống có thể đọc đúng địa chỉ ip như 192.168.1.1 hay không.	84
Bạn có thể truy cập vào đường dẫn https://openai.com để tìm hiểu thêm về trí tuệ nhân tạo.	90
Xin chào, hôm nay chúng ta sẽ cùng nhau hoàn thành phần cuối của bộ dữ liệu này.	80
Bạn có cảm thấy hài lòng với tiến độ hiện tại của dự án không?	62
Tôi nghĩ rằng chúng ta đã làm rất tốt và chỉ còn một bước nữa là hoàn thành.	76
Đây là một câu khá dài nhằm kiểm tra khả năng xử lý tổng hợp của hệ thống trong giai đoạn cuối.	95
Bạn có thể nghe rõ từng từ trong câu này không, hay vẫn còn một số chỗ chưa rõ ràng?	84
Tôi sẽ thử đọc câu này với nhiều cảm xúc hơn để kiểm tra khả năng biểu đạt của mô hình.	87
Chúng ta đã đi qua một chặng đường khá dài và thu thập được rất nhiều dữ liệu có giá trị.	89
Bạn có thể tưởng tượng rằng tất cả những câu này sẽ giúp mô hình học được giọng nói của bạn không?	98
Tôi hy vọng rằng kết quả cuối cùng sẽ vượt ngoài mong đợi của chúng ta.	71
Đây là một ví dụ về câu chứa cả số, chữ và ký hiệu như a1b2c3 để kiểm tra hệ thống.	83
Bạn có thể thử đọc lại câu này để kiểm tra độ chính xác không?	62
Tôi đang kiểm tra lần cuối trước khi hoàn tất quá trình thu âm.	63
Chúng ta cần đảm bảo rằng không có lỗi nào tồn tại trong dataset.	65
Bạn có thể giúp tôi rà soát lại toàn bộ dữ liệu một lần nữa không?	66
Tôi sẽ lưu lại tất cả các file và chuẩn bị cho bước huấn luyện mô hình.	71
Đây là một câu cảm thán cuối cùng, thật tuyệt vời khi chúng ta đã hoàn thành!	77
Bạn có thể cảm nhận được sự thay đổi trong giọng đọc từ đầu đến giờ không?	74
Tôi nghĩ rằng giọng đọc của mình đã trở nên tự nhiên hơn rất nhiều.	67
Chúng ta đã hoàn thành hơn một nghìn câu trong bộ dữ liệu này.	62
Bạn có thể tưởng tượng mô hình sẽ hoạt động tốt như thế nào sau khi được huấn luyện không?	90
Tôi đang rất mong chờ kết quả sau khi training hoàn tất.	56
Đây là một câu tổng hợp cuối cùng để kiểm tra toàn bộ hệ thống.	63
Bạn có thể nghe rõ không, đây là câu gần cuối của dataset.	58
Tôi sẽ đọc câu này thật chậm để đảm bảo không có lỗi nào.	57
Chúng ta gần như đã hoàn thành toàn bộ công việc rồi.	53
Bạn có thể nói lại câu này lần nữa không?	41
Tôi đang kiểm tra từng chi tiết nhỏ trước khi kết thúc.	55
Đây là một câu đơn giản để kết thúc phần kiểm tra.	50
Bạn có thể xác nhận rằng mọi thứ đều ổn không?	46
Tôi tin rằng dữ liệu này sẽ giúp ích rất nhiều cho mô hình.	59
Chúng ta đã hoàn thành một bước quan trọng trong dự án.	55
Bạn có cảm thấy tự hào về những gì đã làm không?	48
Tôi chắc chắn rằng kết quả sẽ rất đáng mong đợi.	48
Đây là một câu ngắn để kiểm tra tốc độ phản hồi.	48
Bạn có thể nghe thấy sự rõ ràng trong từng âm tiết không?	57
Tôi sẽ đọc lại câu này một lần nữa cho chắc chắn.	49
Chúng ta đã đến câu thứ 950 trong dataset này.	46
Bạn có thể tiếp tục tập trung thêm một chút nữa không?	54
Tôi đang hoàn tất những bước cuối cùng của quá trình ghi âm.	60
Đây là một câu kiểm tra cuối cùng trước khi kết thúc.	53
Bạn có thể xác nhận rằng không còn lỗi nào không?	49
Tôi sẽ lưu file và kết thúc phiên làm việc tại đây.	51
Chúng ta đã hoàn thành toàn bộ 1000 câu trong dataset.	54
Bạn có thể nghe rõ câu này không, đây là một trong những câu cuối cùng.	71
Tôi rất vui vì đã hoàn thành công việc này.	43
Đây là câu kết thúc chính thức của bộ dữ liệu.	46
Xin cảm ơn bạn đã hỗ trợ trong suốt quá trình này.	50
Hẹn gặp lại bạn trong những dự án tiếp theo.	44
Chúc bạn một ngày làm việc hiệu quả và thành công.	50
Đây là câu cuối cùng, xin chào và cảm ơn!	41
